{
    "results": {
        "": [
            {
                "string": "affiliate marketing",
                "volume": 48900,
                "m1": 49500,
                "m1_month": 9,
                "m1_year": 2023,
                "m2": 60500,
                "m2_month": 8,
                "m2_year": 2023,
                "m3": 60500,
                "m3_month": 7,
                "m3_year": 2023,
                "m4": 49500,
                "m4_month": 6,
                "m4_year": 2023,
                "m5": 49500,
                "m5_month": 5,
                "m5_year": 2023,
                "m6": 49500,
                "m6_month": 4,
                "m6_year": 2023,
                "m7": 60500,
                "m7_month": 3,
                "m7_year": 2023,
                "m8": 40500,
                "m8_month": 2,
                "m8_year": 2023,
                "m9": 60500,
                "m9_month": 1,
                "m9_year": 2023,
                "m10": 40500,
                "m10_month": 12,
                "m10_year": 2022,
                "m11": 49500,
                "m11_month": 11,
                "m11_year": 2022,
                "m12": 49500,
                "m12_month": 10,
                "m12_year": 2022,
                "cpc": 0.39,
                "cmp": 0.53
            }
        ],
        "affiliate marketing": [
            {
                "string": "affiliate marketing",
                "volume": 48900,
                "m1": 49500,
                "m1_month": 9,
                "m1_year": 2023,
                "m2": 60500,
                "m2_month": 8,
                "m2_year": 2023,
                "m3": 60500,
                "m3_month": 7,
                "m3_year": 2023,
                "m4": 49500,
                "m4_month": 6,
                "m4_year": 2023,
                "m5": 49500,
                "m5_month": 5,
                "m5_year": 2023,
                "m6": 49500,
                "m6_month": 4,
                "m6_year": 2023,
                "m7": 60500,
                "m7_month": 3,
                "m7_year": 2023,
                "m8": 40500,
                "m8_month": 2,
                "m8_year": 2023,
                "m9": 60500,
                "m9_month": 1,
                "m9_year": 2023,
                "m10": 40500,
                "m10_month": 12,
                "m10_year": 2022,
                "m11": 49500,
                "m11_month": 11,
                "m11_year": 2022,
                "m12": 49500,
                "m12_month": 10,
                "m12_year": 2022,
                "cpc": 0.39,
                "cmp": 0.53
            },
            {
                "string": "affiliate marketing for beginners in nigeria",
                "volume": 470,
                "m1": 880,
                "m1_month": 9,
                "m1_year": 2023,
                "m2": 390,
                "m2_month": 8,
                "m2_year": 2023,
                "m3": 320,
                "m3_month": 7,
                "m3_year": 2023,
                "m4": 320,
                "m4_month": 6,
                "m4_year": 2023,
                "m5": 390,
                "m5_month": 5,
                "m5_year": 2023,
                "m6": 320,
                "m6_month": 4,
                "m6_year": 2023,
                "m7": 390,
                "m7_month": 3,
                "m7_year": 2023,
                "m8": 390,
                "m8_month": 2,
                "m8_year": 2023,
                "m9": 390,
                "m9_month": 1,
                "m9_year": 2023,
                "m10": 480,
                "m10_month": 12,
                "m10_year": 2022,
                "m11": 590,
                "m11_month": 11,
                "m11_year": 2022,
                "m12": 480,
                "m12_month": 10,
                "m12_year": 2022,
                "cpc": 0.48,
                "cmp": 0.39
            }
        ],
        " affiliate marketing": [
            {
                "string": "affiliate marketing",
                "volume": 48900,
                "m1": 49500,
                "m1_month": 9,
                "m1_year": 2023,
                "m2": 60500,
                "m2_month": 8,
                "m2_year": 2023,
                "m3": 60500,
                "m3_month": 7,
                "m3_year": 2023,
                "m4": 49500,
                "m4_month": 6,
                "m4_year": 2023,
                "m5": 49500,
                "m5_month": 5,
                "m5_year": 2023,
                "m6": 49500,
                "m6_month": 4,
                "m6_year": 2023,
                "m7": 60500,
                "m7_month": 3,
                "m7_year": 2023,
                "m8": 40500,
                "m8_month": 2,
                "m8_year": 2023,
                "m9": 60500,
                "m9_month": 1,
                "m9_year": 2023,
                "m10": 40500,
                "m10_month": 12,
                "m10_year": 2022,
                "m11": 49500,
                "m11_month": 11,
                "m11_year": 2022,
                "m12": 49500,
                "m12_month": 10,
                "m12_year": 2022,
                "cpc": 0.39,
                "cmp": 0.53
            },
            {
                "string": "affiliate marketing course",
                "volume": 990,
                "m1": 1300,
                "m1_month": 9,
                "m1_year": 2023,
                "m2": 1300,
                "m2_month": 8,
                "m2_year": 2023,
                "m3": 1300,
                "m3_month": 7,
                "m3_year": 2023,
                "m4": 1300,
                "m4_month": 6,
                "m4_year": 2023,
                "m5": 1300,
                "m5_month": 5,
                "m5_year": 2023,
                "m6": 1000,
                "m6_month": 4,
                "m6_year": 2023,
                "m7": 1300,
                "m7_month": 3,
                "m7_year": 2023,
                "m8": 1000,
                "m8_month": 2,
                "m8_year": 2023,
                "m9": 1000,
                "m9_month": 1,
                "m9_year": 2023,
                "m10": 880,
                "m10_month": 12,
                "m10_year": 2022,
                "m11": 720,
                "m11_month": 11,
                "m11_year": 2022,
                "m12": 880,
                "m12_month": 10,
                "m12_year": 2022,
                "cpc": 0.27,
                "cmp": 0.53
            },
            {
                "string": "affiliate marketing for beginners in nigeria",
                "volume": 470,
                "m1": 880,
                "m1_month": 9,
                "m1_year": 2023,
                "m2": 390,
                "m2_month": 8,
                "m2_year": 2023,
                "m3": 320,
                "m3_month": 7,
                "m3_year": 2023,
                "m4": 320,
                "m4_month": 6,
                "m4_year": 2023,
                "m5": 390,
                "m5_month": 5,
                "m5_year": 2023,
                "m6": 320,
                "m6_month": 4,
                "m6_year": 2023,
                "m7": 390,
                "m7_month": 3,
                "m7_year": 2023,
                "m8": 390,
                "m8_month": 2,
                "m8_year": 2023,
                "m9": 390,
                "m9_month": 1,
                "m9_year": 2023,
                "m10": 480,
                "m10_month": 12,
                "m10_year": 2022,
                "m11": 590,
                "m11_month": 11,
                "m11_year": 2022,
                "m12": 480,
                "m12_month": 10,
                "m12_year": 2022,
                "cpc": 0.48,
                "cmp": 0.39
            }
        ],
        "affiliate marketing ": [
            {
                "string": "affiliate marketing for beginners",
                "volume": 9800,
                "m1": 8100,
                "m1_month": 9,
                "m1_year": 2023,
                "m2": 9900,
                "m2_month": 8,
                "m2_year": 2023,
                "m3": 9900,
                "m3_month": 7,
                "m3_year": 2023,
                "m4": 9900,
                "m4_month": 6,
                "m4_year": 2023,
                "m5": 12100,
                "m5_month": 5,
                "m5_year": 2023,
                "m6": 9900,
                "m6_month": 4,
                "m6_year": 2023,
                "m7": 12100,
                "m7_month": 3,
                "m7_year": 2023,
                "m8": 9900,
                "m8_month": 2,
                "m8_year": 2023,
                "m9": 12100,
                "m9_month": 1,
                "m9_year": 2023,
                "m10": 9900,
                "m10_month": 12,
                "m10_year": 2022,
                "m11": 9900,
                "m11_month": 11,
                "m11_year": 2022,
                "m12": 9900,
                "m12_month": 10,
                "m12_year": 2022,
                "cpc": 0.28,
                "cmp": 0.57
            }
        ]
      },
      "total_keywords": 954
  }