[
    {
        "position_on_page": 1,
        "title": "7 Steps to $141,237/Month with Affiliate Marketing",
        "link": "https://www.youtube.com/watch?v=uRmsn80Fnn0",
        "channel": {
            "name": "Brian Jung",
            "link": "https://www.youtube.com/@Jungernaut",
            "verified": true,
            "thumbnail": "https://yt3.ggpht.com/ytc/APkrFKY8WxpXHQlS4g3CX47DhcTZKvh8NQi-NVpp-oTUeQ=s68-c-k-c0x00ffffff-no-rj"
        },
        "published_date": "1 day ago",
        "views": 9231,
        "length": "28:01",
        "description": "Get Started on Your Website Hosting Journey with Hostinger Here https://brianjung.org/HostingerBRIANJUNG10 Use the code ...",
        "extensions": [
            "New",
            "4K"
        ],
        "thumbnail": {
            "static": "https://i.ytimg.com/vi/uRmsn80Fnn0/hq720_custom_1.jpg?sqp=-oaymwE2COgCEMoBSFXyq4qpAygIARUAAIhCGAFwAcABBvABAfgB_gmAAtAFigIMCAAQARg5IGUoDzAP&rs=AOn4CLDutDOClGAmMKj0sWq1_BFsSp2tOw",
            "rich": "https://i.ytimg.com/an_webp/uRmsn80Fnn0/mqdefault_6s.webp?du=3000&sqp=CIa1xKoG&rs=AOn4CLBzxQmyj4DU62AoOqc92DZS4svR0g"
        }
    },
    {
        "position_on_page": 2,
        "title": "I Tried It: Earn Your First $100 With Affiliate Marketing in 24 Hours (New Method)",
        "link": "https://www.youtube.com/watch?v=91PC2z7EUT0",
        "channel": {
            "name": "Alston Godbolt",
            "link": "https://www.youtube.com/@AlstonGodbolt",
            "thumbnail": "https://yt3.ggpht.com/YpDri7ZoYJiXhE0zePCqqq8Y3owwUCW4F5E2IgoqxK98qWgIuwyjbTrV2-aJk3WXUvj-ZxLDKw=s68-c-k-c0x00ffffff-no-rj"
        },
        "published_date": "2 days ago",
        "views": 3297,
        "length": "13:16",
        "description": "In this episode of I tried it, I test this side hustle that claims that we can make $100 in 24 hours with affiliate marketing. I will show ...",
        "extensions": [
            "New",
            "4K"
        ],
        "thumbnail": {
            "static": "https://i.ytimg.com/vi/91PC2z7EUT0/hq720.jpg?sqp=-oaymwEcCOgCEMoBSFXyq4qpAw4IARUAAIhCGAFwAcABBg==&rs=AOn4CLDK27c0OuNse0wLxQ_agUydLWY-Xg",
            "rich": "https://i.ytimg.com/an_webp/91PC2z7EUT0/mqdefault_6s.webp?du=3000&sqp=CPS7xKoG&rs=AOn4CLBfsFJIoTQL2Nt0mPnznPuF4V1INg"
        }
    },
    {
        "position_on_page": 3,
        "title": "Make $1750+ Per WEEK With Pinterest Affiliate Marketing (Beginners Guide)",
        "link": "https://www.youtube.com/watch?v=A2RRJiD4q-A",
        "channel": {
            "name": "Glowithgia",
            "link": "https://www.youtube.com/@Glowithgia",
            "thumbnail": "https://yt3.ggpht.com/kBzdxq4_mh5TF-pfopNbITbt2qACsEcF_kwwNI9OrqxL0keu2LdBhNEm-SAo0pynlQgzqGhe=s68-c-k-c0x00ffffff-no-rj"
        },
        "published_date": "3 weeks ago",
        "views": 83150,
        "length": "13:52",
        "description": "Want to learn how to learn how to grow and monetize your Pinterest ASAP? Well this is just the video for you because I'm going to ...",
        "extensions": [
            "4K",
            "CC"
        ],
        "thumbnail": {
            "static": "https://i.ytimg.com/vi/A2RRJiD4q-A/hq720.jpg?sqp=-oaymwEcCOgCEMoBSFXyq4qpAw4IARUAAIhCGAFwAcABBg==&rs=AOn4CLDXYdzC5V9my89hYszxh_d7XFSCew",
            "rich": "https://i.ytimg.com/an_webp/A2RRJiD4q-A/mqdefault_6s.webp?du=3000&sqp=CPCbxKoG&rs=AOn4CLDqaiMIWBodxNkKhi1TULTDAmK9HQ"
        }
    },
    {
        "position_on_page": 4,
        "title": "How to Start Affiliate Marketing For Beginners | $5000/Week Strategy",
        "link": "https://www.youtube.com/watch?v=eCbWpiZsRIc",
        "channel": {
            "name": "  Make Money Matt",
            "link": "https://www.youtube.com/@makemoneymatt",
            "thumbnail": "https://yt3.ggpht.com/Vq0Lb3lUlz83b0eN3oiVkQANcvzFSsj-P5Puh7RIafqKE_Cg43Ebjo10H01N0x4uBpksX9iPbQ=s68-c-k-c0x00ffffff-no-rj"
        },
        "published_date": "3 weeks ago",
        "views": 81730,
        "length": "20:19",
        "description": "If you're looking for a complete guide for how to start affiliate marketing for beginners to make money online then you're in the right ...",
        "thumbnail": {
            "static": "https://i.ytimg.com/vi/eCbWpiZsRIc/hqdefault.jpg?sqp=-oaymwEcCOADEI4CSFXyq4qpAw4IARUAAIhCGAFwAcABBg==&rs=AOn4CLDLug2lQTGq-LV3_ZG-Me9rc6FLxw",
            "rich": "https://i.ytimg.com/an_webp/eCbWpiZsRIc/mqdefault_6s.webp?du=3000&sqp=CI-xxKoG&rs=AOn4CLB7WHnA-I_ZAS9vYoLgv-Bm6kjxnQ"
        }
    },
    {
        "position_on_page": 5,
        "title": "Full Affiliate Marketing Tutorial for Beginners (2023 Version)",
        "link": "https://www.youtube.com/watch?v=rWNLsoNoNbY",
        "channel": {
            "name": "Greg Gottfried",
            "link": "https://www.youtube.com/@GregGottfried",
            "verified": true,
            "thumbnail": "https://yt3.ggpht.com/ytc/APkrFKZSeu6m5t8nw2z_PoBkmteY3b787Akp4EYfn3Ua8g=s68-c-k-c0x00ffffff-no-rj"
        },
        "published_date": "1 month ago",
        "views": 63811,
        "length": "17:41",
        "description": "Table of Contents: 0:00 Introduction 0:54 What is Affiliate Marketing? 2:11 In-Person vs Online 3:10 Finding an Affiliate Niche 5:06 ...",
        "extensions": [
            "4K",
            "CC"
        ],
        "thumbnail": {
            "static": "https://i.ytimg.com/vi/rWNLsoNoNbY/hq720.jpg?sqp=-oaymwEcCOgCEMoBSFXyq4qpAw4IARUAAIhCGAFwAcABBg==&rs=AOn4CLCZCSDxw6b2Bb0sTy0U8EiOTEDTAA",
            "rich": "https://i.ytimg.com/an_webp/rWNLsoNoNbY/mqdefault_6s.webp?du=3000&sqp=COK1xKoG&rs=AOn4CLBT44jGnlt7-x1D82LfVRR_TVINCg"
        }
    },
    {
        "position_on_page": 6,
        "title": "How to Start Affiliate Marketing With $0 | STEP BY STEP | 2023 FREE COURSE",
        "link": "https://www.youtube.com/watch?v=lX0lgxRH_iY",
        "channel": {
            "name": "Baddie In Business",
            "link": "https://www.youtube.com/@Baddieinbiz",
            "verified": true,
            "thumbnail": "https://yt3.ggpht.com/1uwD9vhMZeuZL8tKqZk60rFRstVEibZjpK2AvQpFf6GSqWj7HoCxwgYusPToQB-Fy693pIP0cQc=s68-c-k-c0x00ffffff-no-rj"
        },
        "published_date": "4 months ago",
        "views": 275432,
        "length": "20:17",
        "description": "In todays FREE course I will be showing you STEP BY STEP how to start an affiliate marketing business! This is an online ...",
        "thumbnail": {
            "static": "https://i.ytimg.com/vi/lX0lgxRH_iY/hq720.jpg?sqp=-oaymwEcCOgCEMoBSFXyq4qpAw4IARUAAIhCGAFwAcABBg==&rs=AOn4CLDOwsivOXpb7xxDC9EElzEtAXnswg",
            "rich": "https://i.ytimg.com/an_webp/lX0lgxRH_iY/mqdefault_6s.webp?du=3000&sqp=CPqTxKoG&rs=AOn4CLCeQFkVw0eTSgNvWTeJWRTSv-s3nw"
        }
    },
    {
        "position_on_page": 9,
        "title": "Affiliate Marketing Tutorial For Beginners 2024 (Step by Step)",
        "link": "https://www.youtube.com/watch?v=zTdQWoOrMeQ",
        "channel": {
            "name": "Greg Gottfried",
            "link": "https://www.youtube.com/@GregGottfried",
            "verified": true,
            "thumbnail": "https://yt3.ggpht.com/ytc/APkrFKZSeu6m5t8nw2z_PoBkmteY3b787Akp4EYfn3Ua8g=s68-c-k-c0x00ffffff-no-rj"
        },
        "published_date": "2 weeks ago",
        "views": 27682,
        "length": "26:28",
        "description": "Welcome to this comprehensive Affiliate Marketing Tutorial for Beginners in 2024! If you're new to affiliate marketing and looking ...",
        "extensions": [
            "4K",
            "CC"
        ],
        "thumbnail": {
            "static": "https://i.ytimg.com/vi/zTdQWoOrMeQ/hq720.jpg?sqp=-oaymwEcCOgCEMoBSFXyq4qpAw4IARUAAIhCGAFwAcABBg==&rs=AOn4CLDVCL6rel2qLZf5WAmfHFWI_vAo5g",
            "rich": "https://i.ytimg.com/an_webp/zTdQWoOrMeQ/mqdefault_6s.webp?du=3000&sqp=CPSwxKoG&rs=AOn4CLCzXia4-C4AKN4QKfg5bCUbjsUqsw"
        }
    },
    {
        "position_on_page": 10,
        "title": "How I Made $14,282 With Pinterest Affiliate Marketing (FULL TUTORIAL)",
        "link": "https://www.youtube.com/watch?v=QbjfO3t3u0Q",
        "channel": {
            "name": "Glowithgia",
            "link": "https://www.youtube.com/@Glowithgia",
            "thumbnail": "https://yt3.ggpht.com/kBzdxq4_mh5TF-pfopNbITbt2qACsEcF_kwwNI9OrqxL0keu2LdBhNEm-SAo0pynlQgzqGhe=s68-c-k-c0x00ffffff-no-rj"
        },
        "published_date": "2 months ago",
        "views": 237215,
        "length": "9:16",
        "description": "Here's my pinterest affiliate marketing tutorial to help you turn your pins to paychecks! This is a super beginner friendly side hustle ...",
        "thumbnail": {
            "static": "https://i.ytimg.com/vi/QbjfO3t3u0Q/hq720.jpg?sqp=-oaymwEcCOgCEMoBSFXyq4qpAw4IARUAAIhCGAFwAcABBg==&rs=AOn4CLDb5oFir6tDmNSTzsrg1Xa0NjB8jg",
            "rich": "https://i.ytimg.com/an_webp/QbjfO3t3u0Q/mqdefault_6s.webp?du=3000&sqp=COCZxKoG&rs=AOn4CLBa2wjRALA1LYDpW9JQ2MH1FF42lA"
        }
    },
    {
        "position_on_page": 11,
        "title": "Make Your First $100 in Affiliate Marketing with ONLY $9 (Free Traffic Method)",
        "link": "https://www.youtube.com/watch?v=ODy0mGxojmk",
        "channel": {
            "name": "Mohammed",
            "link": "https://www.youtube.com/@ReachMohammed",
            "thumbnail": "https://yt3.ggpht.com/ddDYXJaS14sSbui_ePipS-6fLyymUEx6Q4_ZGe880l4ZiIvzhQitILuH7cSKlMkBj7MFTNcL=s68-c-k-c0x00ffffff-no-rj"
        },
        "published_date": "7 days ago",
        "views": 18278,
        "length": "17:40",
        "description": "https://launchpass.com/ascendacy-academy/paid-members writing an article with chatgpt: ...",
        "extensions": [
            "4K"
        ],
        "thumbnail": {
            "static": "https://i.ytimg.com/vi/ODy0mGxojmk/hq720.jpg?sqp=-oaymwEcCOgCEMoBSFXyq4qpAw4IARUAAIhCGAFwAcABBg==&rs=AOn4CLA2JPExN2QRc9tFMdRGjy8FE9Hbag",
            "rich": "https://i.ytimg.com/an_webp/ODy0mGxojmk/mqdefault_6s.webp?du=3000&sqp=CL-pxKoG&rs=AOn4CLCKD_b7wEYpDLCNAs_rwVDXdCyqKw"
        }
    },
    {
        "position_on_page": 12,
        "title": "Make Your First $100 With Affiliate Marketing In 24 Hours (NEW METHOD)",
        "link": "https://www.youtube.com/watch?v=IZPBn2YxQzM",
        "channel": {
            "name": "Wisdom Speaks",
            "link": "https://www.youtube.com/@WisdomSpeaksOfficial",
            "thumbnail": "https://yt3.ggpht.com/ytc/APkrFKaKYjsRePk-ich82i29MOe9FUKWZUMTT336wH08=s68-c-k-c0x00ffffff-no-rj"
        },
        "published_date": "1 month ago",
        "views": 169513,
        "length": "29:54",
        "description": "---------------------------------------------------- ✓WATCH NEXT: ➡️ Get Paid $4825/Month Using Amazon 15 Minutes Per Day (NO ...",
        "extensions": [
            "4K"
        ],
        "thumbnail": {
            "static": "https://i.ytimg.com/vi/IZPBn2YxQzM/hq720.jpg?sqp=-oaymwEcCOgCEMoBSFXyq4qpAw4IARUAAIhCGAFwAcABBg==&rs=AOn4CLCVoGupG7_89h5FA5Hr2hmQ_w960w",
            "rich": "https://i.ytimg.com/an_webp/IZPBn2YxQzM/mqdefault_6s.webp?du=3000&sqp=COWVxKoG&rs=AOn4CLACLwqUwiCrcise-0HWs2nnDQx7sg"
        }
    },
    {
        "position_on_page": 13,
        "title": "How I Made $5,000 In 7 Days Instagram Affiliate Marketing (PROOF)",
        "link": "https://www.youtube.com/watch?v=_VjbbEQjo7M",
        "channel": {
            "name": "Chad Bartlett",
            "link": "https://www.youtube.com/@ChadBartlett",
            "verified": true,
            "thumbnail": "https://yt3.ggpht.com/dzzD7m7N_SQv23OjFAVUrCjYJS5jy3t5LowVfVYp5IsaOsV2KTNclegfAvYnodZ4P0PjRff5uQ=s68-c-k-c0x00ffffff-no-rj"
        },
        "published_date": "10 days ago",
        "views": 5426,
        "length": "15:11",
        "description": "In this video I share how how I made just over $5000 in around 7 days affiliate marketing on Instagram. Need help getting started?",
        "thumbnail": {
            "static": "https://i.ytimg.com/vi/_VjbbEQjo7M/hq720.jpg?sqp=-oaymwEcCOgCEMoBSFXyq4qpAw4IARUAAIhCGAFwAcABBg==&rs=AOn4CLBvIBo2lnfPRFRmicJqx7Uhwrq4WQ",
            "rich": "https://i.ytimg.com/an_webp/_VjbbEQjo7M/mqdefault_6s.webp?du=3000&sqp=CLrGxKoG&rs=AOn4CLAW11QBn3jeLAT7mfU08NTL6v2M_w"
        }
    },
    {
        "position_on_page": 14,
        "title": "How I Make $3520 Per Month With Affiliate Marketing Using AI (Not Clickbait)",
        "link": "https://www.youtube.com/watch?v=MVd8ySLwgIU",
        "channel": {
            "name": "Wisdom Speaks",
            "link": "https://www.youtube.com/@WisdomSpeaksOfficial",
            "thumbnail": "https://yt3.ggpht.com/ytc/APkrFKaKYjsRePk-ich82i29MOe9FUKWZUMTT336wH08=s68-c-k-c0x00ffffff-no-rj"
        },
        "published_date": "3 weeks ago",
        "views": 60655,
        "length": "19:26",
        "description": "---------------------------------------------------- ✓WATCH NEXT: ➡️ Get Paid $4825/Month Using Amazon 15 Minutes Per Day (NO ...",
        "extensions": [
            "4K"
        ],
        "thumbnail": {
            "static": "https://i.ytimg.com/vi/MVd8ySLwgIU/hq720.jpg?sqp=-oaymwEcCOgCEMoBSFXyq4qpAw4IARUAAIhCGAFwAcABBg==&rs=AOn4CLAYAwjPgmgKiN_qwSry9ccZCwNXDw",
            "rich": "https://i.ytimg.com/an_webp/MVd8ySLwgIU/mqdefault_6s.webp?du=3000&sqp=CM63xKoG&rs=AOn4CLDJf9YaNeShiuHzAxcjGnQOyeFByA"
        }
    },
    {
        "position_on_page": 17,
        "title": "Affiliate Marketing GURUS Are Lying To You",
        "link": "https://www.youtube.com/watch?v=WWtGaStsyNY",
        "channel": {
            "name": "Chad Bartlett",
            "link": "https://www.youtube.com/@ChadBartlett",
            "verified": true,
            "thumbnail": "https://yt3.ggpht.com/dzzD7m7N_SQv23OjFAVUrCjYJS5jy3t5LowVfVYp5IsaOsV2KTNclegfAvYnodZ4P0PjRff5uQ=s68-c-k-c0x00ffffff-no-rj"
        },
        "published_date": "1 month ago",
        "views": 65500,
        "length": "15:17",
        "description": "In this video I go over the most common lies in the affiliate marketing space and what to look out for based on my experience ...",
        "thumbnail": {
            "static": "https://i.ytimg.com/vi/WWtGaStsyNY/hq720.jpg?sqp=-oaymwEcCOgCEMoBSFXyq4qpAw4IARUAAIhCGAFwAcABBg==&rs=AOn4CLDo6cCU8lpVh4HJ56ydEXUZcLyfTQ",
            "rich": "https://i.ytimg.com/an_webp/WWtGaStsyNY/mqdefault_6s.webp?du=3000&sqp=CPa3xKoG&rs=AOn4CLA8iM4zwlNzkzp1bnhazNZ7nO8fFw"
        }
    },
    {
        "position_on_page": 18,
        "title": "FAILPROOF Affiliate Marketing Strategy That Makes $1,046 Per Week",
        "link": "https://www.youtube.com/watch?v=lOYJCaDhyXI",
        "channel": {
            "name": "Wisdom Speaks",
            "link": "https://www.youtube.com/@WisdomSpeaksOfficial",
            "thumbnail": "https://yt3.ggpht.com/ytc/APkrFKaKYjsRePk-ich82i29MOe9FUKWZUMTT336wH08=s68-c-k-c0x00ffffff-no-rj"
        },
        "published_date": "2 weeks ago",
        "views": 33860,
        "length": "18:04",
        "description": "---------------------------------------------------- ✓WATCH NEXT: ➡️ How I Make $3520 Per Month With Affiliate Marketing Using AI (Not ...",
        "extensions": [
            "4K"
        ],
        "thumbnail": {
            "static": "https://i.ytimg.com/vi/lOYJCaDhyXI/hqdefault.jpg?sqp=-oaymwEcCOADEI4CSFXyq4qpAw4IARUAAIhCGAFwAcABBg==&rs=AOn4CLBERi3Xx0cJC7KaxK22tRbkItDeEw",
            "rich": "https://i.ytimg.com/an_webp/lOYJCaDhyXI/mqdefault_6s.webp?du=3000&sqp=COK0xKoG&rs=AOn4CLB4RknS82gRHx5yzTwctyc-5Z1upw"
        }
    },
    {
        "position_on_page": 19,
        "title": "How To ACTUALLY Start Affiliate Marketing",
        "link": "https://www.youtube.com/watch?v=-dT_xD9PDb0",
        "channel": {
            "name": "Wisdom Speaks",
            "link": "https://www.youtube.com/@WisdomSpeaksOfficial",
            "thumbnail": "https://yt3.ggpht.com/ytc/APkrFKaKYjsRePk-ich82i29MOe9FUKWZUMTT336wH08=s68-c-k-c0x00ffffff-no-rj"
        },
        "published_date": "5 months ago",
        "views": 139664,
        "length": "17:20",
        "description": "Hosting/Web builder - hostinger.com/wisdomspeaks (Code: WISDOMSPEAKS) Apply for mentorship ...",
        "thumbnail": {
            "static": "https://i.ytimg.com/vi/-dT_xD9PDb0/hq720.jpg?sqp=-oaymwEcCOgCEMoBSFXyq4qpAw4IARUAAIhCGAFwAcABBg==&rs=AOn4CLCUbDXFnbncTKKqXB2BIB3BpVGRxQ",
            "rich": "https://i.ytimg.com/an_webp/-dT_xD9PDb0/mqdefault_6s.webp?du=3000&sqp=CNOMxKoG&rs=AOn4CLDlFe6fGFN3B6lJPN1Oaipk73L3TQ"
        }
    },
    {
        "position_on_page": 21,
        "title": "Amazon Affiliate Marketing Tutorial For Beginners 2023 (Step by Step)",
        "link": "https://www.youtube.com/watch?v=l9OIfnJNlOw",
        "channel": {
            "name": "Mike Vestil",
            "link": "https://www.youtube.com/@mikevestil",
            "verified": true,
            "thumbnail": "https://yt3.ggpht.com/ytc/APkrFKazeU_g9SswDuvcIFnL0xKrnKG3ETtazKOTJHRg=s68-c-k-c0x00ffffff-no-rj"
        },
        "published_date": "2 months ago",
        "views": 17593,
        "length": "10:25",
        "description": "This is an amazon affiliate marketing tutorial for complete beginners with no experience.",
        "thumbnail": {
            "static": "https://i.ytimg.com/vi/l9OIfnJNlOw/hq720.jpg?sqp=-oaymwEcCOgCEMoBSFXyq4qpAw4IARUAAIhCGAFwAcABBg==&rs=AOn4CLAaEjF5dfXzpQCT17Ambo1zuvKBng",
            "rich": "https://i.ytimg.com/an_webp/l9OIfnJNlOw/mqdefault_6s.webp?du=3000&sqp=CJicxKoG&rs=AOn4CLCHLrsJ_0XzbtT65ZWM4epg6yg3zA"
        }
    },
    {
        "position_on_page": 23,
        "title": "AMAZON Affiliate Marketing For BEGINNERS in 2023 (FREE $100/Day STRATEGY)",
        "link": "https://www.youtube.com/watch?v=O4d7FJYQwWo",
        "channel": {
            "name": "Mike Vestil",
            "link": "https://www.youtube.com/@mikevestil",
            "verified": true,
            "thumbnail": "https://yt3.ggpht.com/ytc/APkrFKazeU_g9SswDuvcIFnL0xKrnKG3ETtazKOTJHRg=s68-c-k-c0x00ffffff-no-rj"
        },
        "published_date": "2 months ago",
        "views": 43884,
        "length": "10:42",
        "description": "Here is an amazon affiliate marketing tutorial for complete beginners.",
        "thumbnail": {
            "static": "https://i.ytimg.com/vi/O4d7FJYQwWo/hq720.jpg?sqp=-oaymwEcCOgCEMoBSFXyq4qpAw4IARUAAIhCGAFwAcABBg==&rs=AOn4CLCfzY8AAysYaM7uO7kgwc8dq7J8OA",
            "rich": "https://i.ytimg.com/an_webp/O4d7FJYQwWo/mqdefault_6s.webp?du=3000&sqp=COq4xKoG&rs=AOn4CLCb6CHlBh2aHPma8yNz9-NVJZ_p0Q"
        }
    },
    {
        "position_on_page": 24,
        "title": "How To Make An Affiliate Marketing Website ~ 2023 ~ Make $21,000 A Month Passive Income",
        "link": "https://www.youtube.com/watch?v=BxX767BGhRw",
        "channel": {
            "name": "WebYoda",
            "link": "https://www.youtube.com/@WebYoda",
            "thumbnail": "https://yt3.ggpht.com/ytc/APkrFKZGJ33XCmigeMPRsP3ds6coRJZDbUqHZ1_Jzc1n=s68-c-k-c0x00ffffff-no-rj"
        },
        "published_date": "6 months ago",
        "views": 154369,
        "length": "3:25:11",
        "description": "HOW TO MAKE AN AFFILIATE WEBSITE FOR FREE 2023 This How to Make an Affiliate Website for Free 2023 course covers all ...",
        "extensions": [
            "CC"
        ],
        "thumbnail": {
            "static": "https://i.ytimg.com/vi/BxX767BGhRw/hq720.jpg?sqp=-oaymwEcCOgCEMoBSFXyq4qpAw4IARUAAIhCGAFwAcABBg==&rs=AOn4CLDL1o0Y6W6N64CQ85-INLxJvwJl0A",
            "rich": "https://i.ytimg.com/an_webp/BxX767BGhRw/mqdefault_6s.webp?du=3000&sqp=COCoxKoG&rs=AOn4CLDPH4NhXXEzWWaCc8SMqrtGtFcIgQ"
        }
    },
    {
        "position_on_page": 25,
        "title": "*THIS METHOD* = $1535.40+ Per Day (Affiliate Marketing 2023)",
        "link": "https://www.youtube.com/watch?v=_4YLMBzR7ro",
        "channel": {
            "name": "Wisdom Speaks",
            "link": "https://www.youtube.com/@WisdomSpeaksOfficial",
            "thumbnail": "https://yt3.ggpht.com/ytc/APkrFKaKYjsRePk-ich82i29MOe9FUKWZUMTT336wH08=s68-c-k-c0x00ffffff-no-rj"
        },
        "published_date": "1 month ago",
        "views": 37988,
        "length": "19:31",
        "description": "---------------------------------------------------- ✓WATCH NEXT: ➡️ Get Paid $4825/Month Using Amazon 15 Minutes Per Day (NO ...",
        "extensions": [
            "4K"
        ],
        "thumbnail": {
            "static": "https://i.ytimg.com/vi/_4YLMBzR7ro/hq720.jpg?sqp=-oaymwEcCOgCEMoBSFXyq4qpAw4IARUAAIhCGAFwAcABBg==&rs=AOn4CLAgyF5L7xCOvqYauL6qdXp3j_zmPA",
            "rich": "https://i.ytimg.com/an_webp/_4YLMBzR7ro/mqdefault_6s.webp?du=3000&sqp=COLFxKoG&rs=AOn4CLCBpN8hq7IbQmbqOzzD2elha5A2iQ"
        }
    }
]